quality,service,tip
6.5,9.8,19.84760736
1.5,2.4,10
5,5,12.66666667
7,5,13.43564356
2.1,9.9,13.39196611
5.1,3.9,12.35835782
5,5,12.66666667
3.2,6.9,12.63863295
1.5,10,12.87504546
8,10,21
10,5,12.89150327
1.5,9,12.65484624
4.2,6.8,13.18839168
10,10,21
9.5,9,16.95959359
5.5,5.5,12.72705961
2,2,10.32887237
0.5,0.5,6.586329729
0.5,1,8.030226638
1.3,2.5,10.23960872
3.5,7.5,13.4
7.5,7,13.925
10,1,12.66666666
7.5,2,12
8.4,3.6,14